# Documentation Reorganization Summary

## Overview
The LaburAR project documentation has been reorganized into a logical hierarchy to reduce root directory clutter while maintaining accessibility and functionality.

## New Structure

```
/mnt/c/xampp/htdocs/Laburar/
├── CLAUDE.md                    # Main entry point (CORE - stays in root)
├── PROJECT-INDEX.md             # Master project index (CORE - stays in root)
└── docs/                        # Organized documentation directory
    ├── README.md                # Documentation directory guide
    ├── development/             # Technical guides and architecture
    │   ├── README.md
    │   ├── CLAUDE-STACK.md      # Technology stack details
    │   ├── CLAUDE-ARCHITECTURE.md # System architecture
    │   ├── CLAUDE-DEVELOPMENT.md # Development patterns
    │   └── CLAUDE-RULES.md      # Critical requirements
    ├── sessions/                # Development session history
    │   ├── README.md
    │   ├── CLAUDE-SESSIONS.md   # Session history
    │   └── CLAUDE-IMPLEMENTATION.md # Implementation status
    ├── archive/                 # Historical documentation
    │   ├── README.md
    │   └── DOCUMENTATION-MAP.md # Cross-references
    ├── api/                     # API documentation
    │   └── README.md
    └── deployment/              # Infrastructure documentation
        └── README.md
```

## Files Moved

### From Root → docs/development/
- `CLAUDE-STACK.md` → `docs/development/CLAUDE-STACK.md`
- `CLAUDE-ARCHITECTURE.md` → `docs/development/CLAUDE-ARCHITECTURE.md`
- `CLAUDE-DEVELOPMENT.md` → `docs/development/CLAUDE-DEVELOPMENT.md`
- `CLAUDE-RULES.md` → `docs/development/CLAUDE-RULES.md`

### From Root → docs/sessions/
- `CLAUDE-SESSIONS.md` → `docs/sessions/CLAUDE-SESSIONS.md`
- `CLAUDE-IMPLEMENTATION.md` → `docs/sessions/CLAUDE-IMPLEMENTATION.md`

### From Root → docs/archive/
- `DOCUMENTATION-MAP.md` → `docs/archive/DOCUMENTATION-MAP.md`

## Files Remaining in Root
- `CLAUDE.md` - Main entry point and quick reference
- `PROJECT-INDEX.md` - Master project index

## Cross-References Updated
All documentation files have been updated with new paths:
- Main navigation tables in `CLAUDE.md`
- Cross-references in `PROJECT-INDEX.md`
- Internal links maintain functionality

## Benefits Achieved
1. **Reduced Root Clutter**: Moved 7 documentation files from root to organized structure
2. **Logical Organization**: Categories by function (development, sessions, archive, api, deployment)
3. **Maintained Accessibility**: All documentation remains easily accessible
4. **Improved Navigation**: Clear hierarchy with README files in each directory
5. **Future-Proof Structure**: Scalable organization for additional documentation

## Next Steps
- Consider moving existing documentation files from root to appropriate `docs/` subdirectories
- Update any additional cross-references as new documentation is added
- Maintain the organized structure for future documentation additions

This reorganization supports better project maintainability while preserving all existing functionality and accessibility.